{
  "version": "1.0.0",
  "runId": "2025-12-28_20-04-14_example-com_custom_PENDING",
  "timestamp": "2025-12-28T19:05:47.438Z",
  "baseUrl": "https://example.com",
  "attemptsRun": [
    "site_smoke",
    "primary_ctas",
    "contact_discovery_v2",
    "contact_form",
    "language_switch",
    "newsletter_signup"
  ],
  "summary": {
    "successCount": 1,
    "frictionCount": 0,
    "failureCount": 0,
    "overallVerdict": "READY"
  },
  "flows": [
    {
      "flowId": "signup_flow",
      "flowName": "Intent: Account Signup",
      "riskCategory": "LEAD",
      "description": "User creates an account successfully",
      "outcome": "FAILURE",
      "stepsExecuted": 1,
      "stepsTotal": 6,
      "durationMs": 30257,
      "failedStep": 2,
      "error": "page.click: Timeout 15000ms exceeded.\nCall log:\n\u001b[2m  - waiting for locator('a[data-guardian=\"account-signup-link\"], a:has-text(\"Account Signup\")')\u001b[22m\n",
      "screenshots": [],
      "failureReasons": [
        "click failed: page.click: Timeout 15000ms exceeded.\nCall log:\n\u001b[2m  - waiting for locator('a[data-guardian=\"account-signup-link\"], a:has-text(\"Account Signup\")')\u001b[22m\n"
      ],
      "source": "flow",
      "successEval": null
    },
    {
      "flowId": "login_flow",
      "flowName": "Intent: Account Login",
      "riskCategory": "TRUST/UX",
      "description": "User logs in successfully",
      "outcome": "FAILURE",
      "stepsExecuted": 1,
      "stepsTotal": 6,
      "durationMs": 30224,
      "failedStep": 2,
      "error": "page.click: Timeout 15000ms exceeded.\nCall log:\n\u001b[2m  - waiting for locator('a[data-guardian=\"account-login-link\"], a:has-text(\"Login\"), a[href*=\"login\"]')\u001b[22m\n",
      "screenshots": [],
      "failureReasons": [
        "click failed: page.click: Timeout 15000ms exceeded.\nCall log:\n\u001b[2m  - waiting for locator('a[data-guardian=\"account-login-link\"], a:has-text(\"Login\"), a[href*=\"login\"]')\u001b[22m\n"
      ],
      "source": "flow",
      "successEval": null
    },
    {
      "flowId": "checkout_flow",
      "flowName": "Intent: Checkout",
      "riskCategory": "REVENUE",
      "description": "User reviews cart and places order (no payment)",
      "outcome": "FAILURE",
      "stepsExecuted": 1,
      "stepsTotal": 4,
      "durationMs": 30194,
      "failedStep": 2,
      "error": "page.click: Timeout 15000ms exceeded.\nCall log:\n\u001b[2m  - waiting for locator('a[data-guardian=\"checkout-link\"], a:has-text(\"Checkout\"), a[href*=\"checkout\"]')\u001b[22m\n",
      "screenshots": [],
      "failureReasons": [
        "click failed: page.click: Timeout 15000ms exceeded.\nCall log:\n\u001b[2m  - waiting for locator('a[data-guardian=\"checkout-link\"], a:has-text(\"Checkout\"), a[href*=\"checkout\"]')\u001b[22m\n"
      ],
      "source": "flow",
      "successEval": null
    }
  ],
  "flowSummary": {
    "total": 3,
    "success": 0,
    "failure": 3
  },
  "results": [
    {
      "attemptId": "site_smoke",
      "attemptName": "Site Smoke Navigation",
      "goal": "Probe homepage stability and internal navigation",
      "outcome": "SUCCESS",
      "exitCode": 0,
      "totalDurationMs": 77,
      "friction": {
        "isFriction": false,
        "signals": [],
        "summary": null,
        "reasons": [],
        "thresholds": {
          "totalDurationMs": 2500,
          "stepDurationMs": 1500,
          "retryCount": 1
        },
        "metrics": {}
      },
      "steps": [
        {
          "id": "navigate_home",
          "type": "navigate",
          "target": "https://example.com",
          "status": "success",
          "startedAt": "2025-12-28T19:04:15.779Z",
          "endedAt": "2025-12-28T19:04:15.792Z",
          "durationMs": null,
          "retries": 0,
          "screenshots": []
        }
      ],
      "reportJsonPath": "C:\\Users\\sabou\\odavlguardian\\website\\public\\sample-artifacts-tmp\\2025-12-28_20-04-14_example-com_custom_PENDING\\site_smoke\\attempt-20251228-190415\\attempt-report.json",
      "reportHtmlPath": "C:\\Users\\sabou\\odavlguardian\\website\\public\\sample-artifacts-tmp\\2025-12-28_20-04-14_example-com_custom_PENDING\\site_smoke\\attempt-20251228-190415\\attempt-report.html"
    },
    {
      "attemptId": "primary_ctas",
      "attemptName": "Primary CTA Coverage",
      "goal": "Verify primary CTAs navigate correctly",
      "outcome": "NOT_APPLICABLE",
      "exitCode": 1,
      "totalDurationMs": 135,
      "friction": {
        "isFriction": false,
        "signals": [],
        "summary": null,
        "reasons": [],
        "thresholds": {
          "totalDurationMs": 2500,
          "stepDurationMs": 1500,
          "retryCount": 1
        },
        "metrics": {}
      },
      "steps": [
        {
          "id": "navigate_home",
          "type": "navigate",
          "target": "https://example.com",
          "status": "success",
          "startedAt": "2025-12-28T19:04:16.028Z",
          "endedAt": "2025-12-28T19:04:16.072Z",
          "retries": 0,
          "screenshots": []
        }
      ],
      "reportJsonPath": "C:\\Users\\sabou\\odavlguardian\\website\\public\\sample-artifacts-tmp\\2025-12-28_20-04-14_example-com_custom_PENDING\\primary_ctas\\attempt-20251228-190416\\attempt-report.json",
      "reportHtmlPath": "C:\\Users\\sabou\\odavlguardian\\website\\public\\sample-artifacts-tmp\\2025-12-28_20-04-14_example-com_custom_PENDING\\primary_ctas\\attempt-20251228-190416\\attempt-report.html"
    },
    {
      "attemptId": "contact_discovery_v2",
      "attemptName": "Contact Discovery v2",
      "goal": "Find contact surfaces (mailto or contact route)",
      "outcome": "NOT_APPLICABLE",
      "exitCode": 1,
      "totalDurationMs": 46,
      "friction": {
        "isFriction": false,
        "signals": [],
        "summary": null,
        "reasons": [],
        "thresholds": {
          "totalDurationMs": 2500,
          "stepDurationMs": 1500,
          "retryCount": 1
        },
        "metrics": {}
      },
      "steps": [
        {
          "id": "navigate_home",
          "type": "navigate",
          "target": "https://example.com",
          "status": "success",
          "startedAt": "2025-12-28T19:04:16.417Z",
          "endedAt": "2025-12-28T19:04:16.451Z",
          "retries": 0,
          "screenshots": []
        }
      ],
      "reportJsonPath": "C:\\Users\\sabou\\odavlguardian\\website\\public\\sample-artifacts-tmp\\2025-12-28_20-04-14_example-com_custom_PENDING\\contact_discovery_v2\\attempt-20251228-190416\\attempt-report.json",
      "reportHtmlPath": "C:\\Users\\sabou\\odavlguardian\\website\\public\\sample-artifacts-tmp\\2025-12-28_20-04-14_example-com_custom_PENDING\\contact_discovery_v2\\attempt-20251228-190416\\attempt-report.html"
    },
    {
      "attemptId": "contact_form",
      "attemptName": "Contact Form Submission",
      "goal": "User submits the contact form successfully",
      "outcome": "SKIPPED",
      "exitCode": 0,
      "totalDurationMs": null,
      "friction": null,
      "steps": [],
      "reportJsonPath": "C:\\Users\\sabou\\odavlguardian\\website\\public\\sample-artifacts-tmp\\2025-12-28_20-04-14_example-com_custom_PENDING\\contact_form\\attempt-skipped\\attempt-report.json",
      "reportHtmlPath": "C:\\Users\\sabou\\odavlguardian\\website\\public\\sample-artifacts-tmp\\2025-12-28_20-04-14_example-com_custom_PENDING\\contact_form\\attempt-skipped\\attempt-report.html"
    },
    {
      "attemptId": "language_switch",
      "attemptName": "Language Toggle",
      "goal": "User switches language successfully",
      "outcome": "SKIPPED",
      "exitCode": 0,
      "totalDurationMs": null,
      "friction": null,
      "steps": [],
      "reportJsonPath": "C:\\Users\\sabou\\odavlguardian\\website\\public\\sample-artifacts-tmp\\2025-12-28_20-04-14_example-com_custom_PENDING\\language_switch\\attempt-skipped\\attempt-report.json",
      "reportHtmlPath": "C:\\Users\\sabou\\odavlguardian\\website\\public\\sample-artifacts-tmp\\2025-12-28_20-04-14_example-com_custom_PENDING\\language_switch\\attempt-skipped\\attempt-report.html"
    },
    {
      "attemptId": "newsletter_signup",
      "attemptName": "Newsletter Signup",
      "goal": "User signs up for newsletter",
      "outcome": "SKIPPED",
      "exitCode": 0,
      "totalDurationMs": null,
      "friction": null,
      "steps": [],
      "reportJsonPath": "C:\\Users\\sabou\\odavlguardian\\website\\public\\sample-artifacts-tmp\\2025-12-28_20-04-14_example-com_custom_PENDING\\newsletter_signup\\attempt-skipped\\attempt-report.json",
      "reportHtmlPath": "C:\\Users\\sabou\\odavlguardian\\website\\public\\sample-artifacts-tmp\\2025-12-28_20-04-14_example-com_custom_PENDING\\newsletter_signup\\attempt-skipped\\attempt-report.html"
    }
  ],
  "manualResults": [
    {
      "attemptId": "site_smoke",
      "attemptName": "Site Smoke Navigation",
      "goal": "Probe homepage stability and internal navigation",
      "outcome": "SUCCESS",
      "exitCode": 0,
      "totalDurationMs": 77,
      "friction": {
        "isFriction": false,
        "signals": [],
        "summary": null,
        "reasons": [],
        "thresholds": {
          "totalDurationMs": 2500,
          "stepDurationMs": 1500,
          "retryCount": 1
        },
        "metrics": {}
      },
      "steps": [
        {
          "id": "navigate_home",
          "type": "navigate",
          "target": "https://example.com",
          "status": "success",
          "startedAt": "2025-12-28T19:04:15.779Z",
          "endedAt": "2025-12-28T19:04:15.792Z",
          "durationMs": null,
          "retries": 0,
          "screenshots": []
        }
      ],
      "reportJsonPath": "C:\\Users\\sabou\\odavlguardian\\website\\public\\sample-artifacts-tmp\\2025-12-28_20-04-14_example-com_custom_PENDING\\site_smoke\\attempt-20251228-190415\\attempt-report.json",
      "reportHtmlPath": "C:\\Users\\sabou\\odavlguardian\\website\\public\\sample-artifacts-tmp\\2025-12-28_20-04-14_example-com_custom_PENDING\\site_smoke\\attempt-20251228-190415\\attempt-report.html"
    },
    {
      "attemptId": "primary_ctas",
      "attemptName": "Primary CTA Coverage",
      "goal": "Verify primary CTAs navigate correctly",
      "outcome": "NOT_APPLICABLE",
      "exitCode": 1,
      "totalDurationMs": 135,
      "friction": {
        "isFriction": false,
        "signals": [],
        "summary": null,
        "reasons": [],
        "thresholds": {
          "totalDurationMs": 2500,
          "stepDurationMs": 1500,
          "retryCount": 1
        },
        "metrics": {}
      },
      "steps": [
        {
          "id": "navigate_home",
          "type": "navigate",
          "target": "https://example.com",
          "status": "success",
          "startedAt": "2025-12-28T19:04:16.028Z",
          "endedAt": "2025-12-28T19:04:16.072Z",
          "retries": 0,
          "screenshots": []
        }
      ],
      "reportJsonPath": "C:\\Users\\sabou\\odavlguardian\\website\\public\\sample-artifacts-tmp\\2025-12-28_20-04-14_example-com_custom_PENDING\\primary_ctas\\attempt-20251228-190416\\attempt-report.json",
      "reportHtmlPath": "C:\\Users\\sabou\\odavlguardian\\website\\public\\sample-artifacts-tmp\\2025-12-28_20-04-14_example-com_custom_PENDING\\primary_ctas\\attempt-20251228-190416\\attempt-report.html"
    },
    {
      "attemptId": "contact_discovery_v2",
      "attemptName": "Contact Discovery v2",
      "goal": "Find contact surfaces (mailto or contact route)",
      "outcome": "NOT_APPLICABLE",
      "exitCode": 1,
      "totalDurationMs": 46,
      "friction": {
        "isFriction": false,
        "signals": [],
        "summary": null,
        "reasons": [],
        "thresholds": {
          "totalDurationMs": 2500,
          "stepDurationMs": 1500,
          "retryCount": 1
        },
        "metrics": {}
      },
      "steps": [
        {
          "id": "navigate_home",
          "type": "navigate",
          "target": "https://example.com",
          "status": "success",
          "startedAt": "2025-12-28T19:04:16.417Z",
          "endedAt": "2025-12-28T19:04:16.451Z",
          "retries": 0,
          "screenshots": []
        }
      ],
      "reportJsonPath": "C:\\Users\\sabou\\odavlguardian\\website\\public\\sample-artifacts-tmp\\2025-12-28_20-04-14_example-com_custom_PENDING\\contact_discovery_v2\\attempt-20251228-190416\\attempt-report.json",
      "reportHtmlPath": "C:\\Users\\sabou\\odavlguardian\\website\\public\\sample-artifacts-tmp\\2025-12-28_20-04-14_example-com_custom_PENDING\\contact_discovery_v2\\attempt-20251228-190416\\attempt-report.html"
    },
    {
      "attemptId": "contact_form",
      "attemptName": "Contact Form Submission",
      "goal": "User submits the contact form successfully",
      "outcome": "SKIPPED",
      "exitCode": 0,
      "totalDurationMs": null,
      "friction": null,
      "steps": [],
      "reportJsonPath": "C:\\Users\\sabou\\odavlguardian\\website\\public\\sample-artifacts-tmp\\2025-12-28_20-04-14_example-com_custom_PENDING\\contact_form\\attempt-skipped\\attempt-report.json",
      "reportHtmlPath": "C:\\Users\\sabou\\odavlguardian\\website\\public\\sample-artifacts-tmp\\2025-12-28_20-04-14_example-com_custom_PENDING\\contact_form\\attempt-skipped\\attempt-report.html"
    },
    {
      "attemptId": "language_switch",
      "attemptName": "Language Toggle",
      "goal": "User switches language successfully",
      "outcome": "SKIPPED",
      "exitCode": 0,
      "totalDurationMs": null,
      "friction": null,
      "steps": [],
      "reportJsonPath": "C:\\Users\\sabou\\odavlguardian\\website\\public\\sample-artifacts-tmp\\2025-12-28_20-04-14_example-com_custom_PENDING\\language_switch\\attempt-skipped\\attempt-report.json",
      "reportHtmlPath": "C:\\Users\\sabou\\odavlguardian\\website\\public\\sample-artifacts-tmp\\2025-12-28_20-04-14_example-com_custom_PENDING\\language_switch\\attempt-skipped\\attempt-report.html"
    },
    {
      "attemptId": "newsletter_signup",
      "attemptName": "Newsletter Signup",
      "goal": "User signs up for newsletter",
      "outcome": "SKIPPED",
      "exitCode": 0,
      "totalDurationMs": null,
      "friction": null,
      "steps": [],
      "reportJsonPath": "C:\\Users\\sabou\\odavlguardian\\website\\public\\sample-artifacts-tmp\\2025-12-28_20-04-14_example-com_custom_PENDING\\newsletter_signup\\attempt-skipped\\attempt-report.json",
      "reportHtmlPath": "C:\\Users\\sabou\\odavlguardian\\website\\public\\sample-artifacts-tmp\\2025-12-28_20-04-14_example-com_custom_PENDING\\newsletter_signup\\attempt-skipped\\attempt-report.html"
    }
  ],
  "autoResults": [],
  "intelligence": {
    "totalFailures": 8,
    "failures": [
      {
        "id": "primary_ctas",
        "name": "Primary CTA Coverage",
        "outcome": "NOT_APPLICABLE",
        "source": "attempt",
        "breakType": "VALIDATION",
        "domain": "UX",
        "severity": "INFO",
        "primaryHint": "Success validation did not pass",
        "hints": [
          "Success validation did not pass"
        ],
        "whyItMatters": [
          "📊 UX impact: Core interaction is broken. User journey degraded."
        ],
        "topActions": [
          "1. Review frontend code for recent CSS/JS changes",
          "2. Check browser console for JavaScript errors",
          "3. Verify DOM selectors match current HTML structure"
        ]
      },
      {
        "id": "contact_discovery_v2",
        "name": "Contact Discovery v2",
        "outcome": "NOT_APPLICABLE",
        "source": "attempt",
        "breakType": "VALIDATION",
        "domain": "UX",
        "severity": "INFO",
        "primaryHint": "Success validation did not pass",
        "hints": [
          "Success validation did not pass"
        ],
        "whyItMatters": [
          "📊 UX impact: Core interaction is broken. User journey degraded."
        ],
        "topActions": [
          "1. Review frontend code for recent CSS/JS changes",
          "2. Check browser console for JavaScript errors",
          "3. Verify DOM selectors match current HTML structure"
        ]
      },
      {
        "id": "contact_form",
        "name": "Contact Form Submission",
        "outcome": "SKIPPED",
        "source": "attempt",
        "breakType": "VALIDATION",
        "domain": "LEAD",
        "severity": "WARNING",
        "primaryHint": "Success validation did not pass",
        "hints": [
          "Success validation did not pass"
        ],
        "whyItMatters": [
          "📉 Lead gen impact: Signup/contact flow is broken. Cannot capture customer interest.",
          "🟡 WARNING: High priority. Fix before peak traffic to avoid customer impact."
        ],
        "topActions": [
          "1. Review frontend code for recent CSS/JS changes",
          "2. Check browser console for JavaScript errors",
          "3. Verify DOM selectors match current HTML structure"
        ]
      },
      {
        "id": "language_switch",
        "name": "Language Toggle",
        "outcome": "SKIPPED",
        "source": "attempt",
        "breakType": "VALIDATION",
        "domain": "TRUST",
        "severity": "WARNING",
        "primaryHint": "Success validation did not pass",
        "hints": [
          "Success validation did not pass"
        ],
        "whyItMatters": [
          "⚠️  Trust impact: Auth/account flow is broken. Users cannot access their data.",
          "🟡 WARNING: High priority. Fix before peak traffic to avoid customer impact."
        ],
        "topActions": [
          "1. Review frontend code for recent CSS/JS changes",
          "2. Check browser console for JavaScript errors",
          "3. Verify DOM selectors match current HTML structure"
        ]
      },
      {
        "id": "newsletter_signup",
        "name": "Newsletter Signup",
        "outcome": "SKIPPED",
        "source": "attempt",
        "breakType": "VALIDATION",
        "domain": "LEAD",
        "severity": "WARNING",
        "primaryHint": "Success validation did not pass",
        "hints": [
          "Success validation did not pass"
        ],
        "whyItMatters": [
          "📉 Lead gen impact: Signup/contact flow is broken. Cannot capture customer interest.",
          "🟡 WARNING: High priority. Fix before peak traffic to avoid customer impact."
        ],
        "topActions": [
          "1. Review frontend code for recent CSS/JS changes",
          "2. Check browser console for JavaScript errors",
          "3. Verify DOM selectors match current HTML structure"
        ]
      },
      {
        "id": "signup_flow",
        "name": "Intent: Account Signup",
        "outcome": "FAILURE",
        "source": "flow",
        "breakType": "TIMEOUT",
        "domain": "LEAD",
        "severity": "CRITICAL",
        "primaryHint": "Step timed out; slow response or missing element",
        "hints": [
          "Step timed out; slow response or missing element"
        ],
        "whyItMatters": [
          "📉 Lead gen impact: Signup/contact flow is broken. Cannot capture customer interest.",
          "🔴 CRITICAL: Escalate immediately. Page/API down or core feature broken."
        ],
        "topActions": [
          "1. Check server response times and database queries",
          "2. Review recent deployments for performance regressions",
          "3. Check if rate limiting is too strict"
        ]
      },
      {
        "id": "login_flow",
        "name": "Intent: Account Login",
        "outcome": "FAILURE",
        "source": "flow",
        "breakType": "TIMEOUT",
        "domain": "TRUST",
        "severity": "CRITICAL",
        "primaryHint": "Step timed out; slow response or missing element",
        "hints": [
          "Step timed out; slow response or missing element"
        ],
        "whyItMatters": [
          "⚠️  Trust impact: Auth/account flow is broken. Users cannot access their data.",
          "🔴 CRITICAL: Escalate immediately. Page/API down or core feature broken."
        ],
        "topActions": [
          "1. Check server response times and database queries",
          "2. Review recent deployments for performance regressions",
          "3. Check if rate limiting is too strict"
        ]
      },
      {
        "id": "checkout_flow",
        "name": "Intent: Checkout",
        "outcome": "FAILURE",
        "source": "flow",
        "breakType": "TIMEOUT",
        "domain": "REVENUE",
        "severity": "CRITICAL",
        "primaryHint": "Step timed out; slow response or missing element",
        "hints": [
          "Step timed out; slow response or missing element"
        ],
        "whyItMatters": [
          "🚨 Revenue impact: Checkout/payment flow is broken. Customers cannot complete purchases.",
          "🔴 CRITICAL: Escalate immediately. Page/API down or core feature broken."
        ],
        "topActions": [
          "1. Check server response times and database queries",
          "2. Review recent deployments for performance regressions",
          "3. Check if rate limiting is too strict"
        ]
      }
    ],
    "byDomain": {
      "REVENUE": [
        {
          "id": "checkout_flow",
          "name": "Intent: Checkout",
          "outcome": "FAILURE",
          "source": "flow",
          "breakType": "TIMEOUT",
          "domain": "REVENUE",
          "severity": "CRITICAL",
          "primaryHint": "Step timed out; slow response or missing element",
          "hints": [
            "Step timed out; slow response or missing element"
          ],
          "whyItMatters": [
            "🚨 Revenue impact: Checkout/payment flow is broken. Customers cannot complete purchases.",
            "🔴 CRITICAL: Escalate immediately. Page/API down or core feature broken."
          ],
          "topActions": [
            "1. Check server response times and database queries",
            "2. Review recent deployments for performance regressions",
            "3. Check if rate limiting is too strict"
          ]
        }
      ],
      "LEAD": [
        {
          "id": "contact_form",
          "name": "Contact Form Submission",
          "outcome": "SKIPPED",
          "source": "attempt",
          "breakType": "VALIDATION",
          "domain": "LEAD",
          "severity": "WARNING",
          "primaryHint": "Success validation did not pass",
          "hints": [
            "Success validation did not pass"
          ],
          "whyItMatters": [
            "📉 Lead gen impact: Signup/contact flow is broken. Cannot capture customer interest.",
            "🟡 WARNING: High priority. Fix before peak traffic to avoid customer impact."
          ],
          "topActions": [
            "1. Review frontend code for recent CSS/JS changes",
            "2. Check browser console for JavaScript errors",
            "3. Verify DOM selectors match current HTML structure"
          ]
        },
        {
          "id": "newsletter_signup",
          "name": "Newsletter Signup",
          "outcome": "SKIPPED",
          "source": "attempt",
          "breakType": "VALIDATION",
          "domain": "LEAD",
          "severity": "WARNING",
          "primaryHint": "Success validation did not pass",
          "hints": [
            "Success validation did not pass"
          ],
          "whyItMatters": [
            "📉 Lead gen impact: Signup/contact flow is broken. Cannot capture customer interest.",
            "🟡 WARNING: High priority. Fix before peak traffic to avoid customer impact."
          ],
          "topActions": [
            "1. Review frontend code for recent CSS/JS changes",
            "2. Check browser console for JavaScript errors",
            "3. Verify DOM selectors match current HTML structure"
          ]
        },
        {
          "id": "signup_flow",
          "name": "Intent: Account Signup",
          "outcome": "FAILURE",
          "source": "flow",
          "breakType": "TIMEOUT",
          "domain": "LEAD",
          "severity": "CRITICAL",
          "primaryHint": "Step timed out; slow response or missing element",
          "hints": [
            "Step timed out; slow response or missing element"
          ],
          "whyItMatters": [
            "📉 Lead gen impact: Signup/contact flow is broken. Cannot capture customer interest.",
            "🔴 CRITICAL: Escalate immediately. Page/API down or core feature broken."
          ],
          "topActions": [
            "1. Check server response times and database queries",
            "2. Review recent deployments for performance regressions",
            "3. Check if rate limiting is too strict"
          ]
        }
      ],
      "TRUST": [
        {
          "id": "language_switch",
          "name": "Language Toggle",
          "outcome": "SKIPPED",
          "source": "attempt",
          "breakType": "VALIDATION",
          "domain": "TRUST",
          "severity": "WARNING",
          "primaryHint": "Success validation did not pass",
          "hints": [
            "Success validation did not pass"
          ],
          "whyItMatters": [
            "⚠️  Trust impact: Auth/account flow is broken. Users cannot access their data.",
            "🟡 WARNING: High priority. Fix before peak traffic to avoid customer impact."
          ],
          "topActions": [
            "1. Review frontend code for recent CSS/JS changes",
            "2. Check browser console for JavaScript errors",
            "3. Verify DOM selectors match current HTML structure"
          ]
        },
        {
          "id": "login_flow",
          "name": "Intent: Account Login",
          "outcome": "FAILURE",
          "source": "flow",
          "breakType": "TIMEOUT",
          "domain": "TRUST",
          "severity": "CRITICAL",
          "primaryHint": "Step timed out; slow response or missing element",
          "hints": [
            "Step timed out; slow response or missing element"
          ],
          "whyItMatters": [
            "⚠️  Trust impact: Auth/account flow is broken. Users cannot access their data.",
            "🔴 CRITICAL: Escalate immediately. Page/API down or core feature broken."
          ],
          "topActions": [
            "1. Check server response times and database queries",
            "2. Review recent deployments for performance regressions",
            "3. Check if rate limiting is too strict"
          ]
        }
      ],
      "UX": [
        {
          "id": "primary_ctas",
          "name": "Primary CTA Coverage",
          "outcome": "NOT_APPLICABLE",
          "source": "attempt",
          "breakType": "VALIDATION",
          "domain": "UX",
          "severity": "INFO",
          "primaryHint": "Success validation did not pass",
          "hints": [
            "Success validation did not pass"
          ],
          "whyItMatters": [
            "📊 UX impact: Core interaction is broken. User journey degraded."
          ],
          "topActions": [
            "1. Review frontend code for recent CSS/JS changes",
            "2. Check browser console for JavaScript errors",
            "3. Verify DOM selectors match current HTML structure"
          ]
        },
        {
          "id": "contact_discovery_v2",
          "name": "Contact Discovery v2",
          "outcome": "NOT_APPLICABLE",
          "source": "attempt",
          "breakType": "VALIDATION",
          "domain": "UX",
          "severity": "INFO",
          "primaryHint": "Success validation did not pass",
          "hints": [
            "Success validation did not pass"
          ],
          "whyItMatters": [
            "📊 UX impact: Core interaction is broken. User journey degraded."
          ],
          "topActions": [
            "1. Review frontend code for recent CSS/JS changes",
            "2. Check browser console for JavaScript errors",
            "3. Verify DOM selectors match current HTML structure"
          ]
        }
      ]
    },
    "bySeverity": {
      "CRITICAL": [
        {
          "id": "signup_flow",
          "name": "Intent: Account Signup",
          "outcome": "FAILURE",
          "source": "flow",
          "breakType": "TIMEOUT",
          "domain": "LEAD",
          "severity": "CRITICAL",
          "primaryHint": "Step timed out; slow response or missing element",
          "hints": [
            "Step timed out; slow response or missing element"
          ],
          "whyItMatters": [
            "📉 Lead gen impact: Signup/contact flow is broken. Cannot capture customer interest.",
            "🔴 CRITICAL: Escalate immediately. Page/API down or core feature broken."
          ],
          "topActions": [
            "1. Check server response times and database queries",
            "2. Review recent deployments for performance regressions",
            "3. Check if rate limiting is too strict"
          ]
        },
        {
          "id": "login_flow",
          "name": "Intent: Account Login",
          "outcome": "FAILURE",
          "source": "flow",
          "breakType": "TIMEOUT",
          "domain": "TRUST",
          "severity": "CRITICAL",
          "primaryHint": "Step timed out; slow response or missing element",
          "hints": [
            "Step timed out; slow response or missing element"
          ],
          "whyItMatters": [
            "⚠️  Trust impact: Auth/account flow is broken. Users cannot access their data.",
            "🔴 CRITICAL: Escalate immediately. Page/API down or core feature broken."
          ],
          "topActions": [
            "1. Check server response times and database queries",
            "2. Review recent deployments for performance regressions",
            "3. Check if rate limiting is too strict"
          ]
        },
        {
          "id": "checkout_flow",
          "name": "Intent: Checkout",
          "outcome": "FAILURE",
          "source": "flow",
          "breakType": "TIMEOUT",
          "domain": "REVENUE",
          "severity": "CRITICAL",
          "primaryHint": "Step timed out; slow response or missing element",
          "hints": [
            "Step timed out; slow response or missing element"
          ],
          "whyItMatters": [
            "🚨 Revenue impact: Checkout/payment flow is broken. Customers cannot complete purchases.",
            "🔴 CRITICAL: Escalate immediately. Page/API down or core feature broken."
          ],
          "topActions": [
            "1. Check server response times and database queries",
            "2. Review recent deployments for performance regressions",
            "3. Check if rate limiting is too strict"
          ]
        }
      ],
      "WARNING": [
        {
          "id": "contact_form",
          "name": "Contact Form Submission",
          "outcome": "SKIPPED",
          "source": "attempt",
          "breakType": "VALIDATION",
          "domain": "LEAD",
          "severity": "WARNING",
          "primaryHint": "Success validation did not pass",
          "hints": [
            "Success validation did not pass"
          ],
          "whyItMatters": [
            "📉 Lead gen impact: Signup/contact flow is broken. Cannot capture customer interest.",
            "🟡 WARNING: High priority. Fix before peak traffic to avoid customer impact."
          ],
          "topActions": [
            "1. Review frontend code for recent CSS/JS changes",
            "2. Check browser console for JavaScript errors",
            "3. Verify DOM selectors match current HTML structure"
          ]
        },
        {
          "id": "language_switch",
          "name": "Language Toggle",
          "outcome": "SKIPPED",
          "source": "attempt",
          "breakType": "VALIDATION",
          "domain": "TRUST",
          "severity": "WARNING",
          "primaryHint": "Success validation did not pass",
          "hints": [
            "Success validation did not pass"
          ],
          "whyItMatters": [
            "⚠️  Trust impact: Auth/account flow is broken. Users cannot access their data.",
            "🟡 WARNING: High priority. Fix before peak traffic to avoid customer impact."
          ],
          "topActions": [
            "1. Review frontend code for recent CSS/JS changes",
            "2. Check browser console for JavaScript errors",
            "3. Verify DOM selectors match current HTML structure"
          ]
        },
        {
          "id": "newsletter_signup",
          "name": "Newsletter Signup",
          "outcome": "SKIPPED",
          "source": "attempt",
          "breakType": "VALIDATION",
          "domain": "LEAD",
          "severity": "WARNING",
          "primaryHint": "Success validation did not pass",
          "hints": [
            "Success validation did not pass"
          ],
          "whyItMatters": [
            "📉 Lead gen impact: Signup/contact flow is broken. Cannot capture customer interest.",
            "🟡 WARNING: High priority. Fix before peak traffic to avoid customer impact."
          ],
          "topActions": [
            "1. Review frontend code for recent CSS/JS changes",
            "2. Check browser console for JavaScript errors",
            "3. Verify DOM selectors match current HTML structure"
          ]
        }
      ],
      "INFO": [
        {
          "id": "primary_ctas",
          "name": "Primary CTA Coverage",
          "outcome": "NOT_APPLICABLE",
          "source": "attempt",
          "breakType": "VALIDATION",
          "domain": "UX",
          "severity": "INFO",
          "primaryHint": "Success validation did not pass",
          "hints": [
            "Success validation did not pass"
          ],
          "whyItMatters": [
            "📊 UX impact: Core interaction is broken. User journey degraded."
          ],
          "topActions": [
            "1. Review frontend code for recent CSS/JS changes",
            "2. Check browser console for JavaScript errors",
            "3. Verify DOM selectors match current HTML structure"
          ]
        },
        {
          "id": "contact_discovery_v2",
          "name": "Contact Discovery v2",
          "outcome": "NOT_APPLICABLE",
          "source": "attempt",
          "breakType": "VALIDATION",
          "domain": "UX",
          "severity": "INFO",
          "primaryHint": "Success validation did not pass",
          "hints": [
            "Success validation did not pass"
          ],
          "whyItMatters": [
            "📊 UX impact: Core interaction is broken. User journey degraded."
          ],
          "topActions": [
            "1. Review frontend code for recent CSS/JS changes",
            "2. Check browser console for JavaScript errors",
            "3. Verify DOM selectors match current HTML structure"
          ]
        }
      ]
    },
    "escalationSignals": [
      "CRITICAL failures detected - immediate action required",
      "REVENUE domain affected - financial impact likely",
      "Infrastructure/availability issue indicated"
    ],
    "criticalCount": 3,
    "warningCount": 3,
    "infoCount": 2
  }
}