{
  "version": 1,
  "timestamp": "2025-12-28T19:05:47.527Z",
  "url": "https://example.com",
  "siteSlug": "example-com",
  "policy": "custom",
  "result": "FRICTION",
  "durationMs": 93137,
  "profile": "unknown",
  "attempts": {
    "total": 6,
    "executed": 1,
    "successful": 1,
    "failed": 0,
    "skipped": 5,
    "skippedDetails": [
      {
        "attempt": "primary_ctas",
        "reason": "Not executed"
      },
      {
        "attempt": "contact_discovery_v2",
        "reason": "Not executed"
      },
      {
        "attempt": "contact_form",
        "reason": "No contact form detected",
        "code": "USER_FILTERED"
      },
      {
        "attempt": "language_switch",
        "reason": "No language switch detected",
        "code": "USER_FILTERED"
      },
      {
        "attempt": "newsletter_signup",
        "reason": "No newsletter signup detected",
        "code": "USER_FILTERED"
      }
    ],
    "nearSuccess": 0,
    "nearSuccessDetails": []
  }
}