{
  "schemaVersion": "v1",
  "meta": {
    "schemaVersion": "v1",
    "createdAt": "2025-12-28T19:04:14.363Z",
    "toolVersion": "0.2.0-phase2",
    "url": "https://example.com",
    "runId": "2025-12-28_20-04-14_example-com_custom_PENDING",
    "environment": "production",
    "policyHash": "964c3931b570d1d147d6f27cb1b75e785aba740e2fb3b01b859d4d809d11527a",
    "preset": "landing",
    "evidenceMetrics": {
      "completeness": 0.16666666666666666,
      "integrity": 1,
      "hashedFiles": 31,
      "totalFiles": 31,
      "screenshotsEnabled": false,
      "tracesEnabled": false
    },
    "coverage": {
      "gaps": 5,
      "executed": 1,
      "total": 6,
      "details": [
        {
          "attempt": "primary_ctas",
          "reason": "Not executed"
        },
        {
          "attempt": "contact_discovery_v2",
          "reason": "Not executed"
        },
        {
          "attempt": "contact_form",
          "reason": "No contact form detected",
          "code": "USER_FILTERED"
        },
        {
          "attempt": "language_switch",
          "reason": "No language switch detected",
          "code": "USER_FILTERED"
        },
        {
          "attempt": "newsletter_signup",
          "reason": "No newsletter signup detected",
          "code": "USER_FILTERED"
        }
      ],
      "disabled": [],
      "skippedDisabledByPreset": [],
      "skippedNotApplicable": [],
      "skippedMissing": [],
      "skippedUserFiltered": [
        {
          "attempt": "contact_form",
          "reason": "No contact form detected"
        },
        {
          "attempt": "language_switch",
          "reason": "No language switch detected"
        },
        {
          "attempt": "newsletter_signup",
          "reason": "No newsletter signup detected"
        }
      ],
      "counts": {
        "executedCount": 1,
        "enabledPlannedCount": 6,
        "disabledPlannedCount": 0,
        "skippedDisabledByPreset": 0,
        "skippedUserFiltered": 3,
        "skippedNotApplicable": 0,
        "skippedMissing": 0
      }
    },
    "resolved": {
      "presetId": "landing",
      "policySource": "preset:landing",
      "policyId": "custom",
      "policyHash": "964c3931b570d1d147d6f27cb1b75e785aba740e2fb3b01b859d4d809d11527a",
      "mediaRequirements": {
        "requireScreenshots": true,
        "requireTraces": false,
        "minCompleteness": 0.6,
        "minIntegrity": 0.7
      },
      "attemptPlan": {
        "enabled": [
          "site_smoke",
          "primary_ctas",
          "contact_discovery_v2",
          "contact_form",
          "language_switch",
          "newsletter_signup"
        ],
        "disabled": [
          "signup",
          "login",
          "checkout"
        ],
        "userFiltered": [],
        "missing": []
      },
      "coverage": {
        "total": 6,
        "executed": 1,
        "executedCount": 1,
        "enabledPlannedCount": 6,
        "disabledPlannedCount": 0,
        "skippedNotApplicable": 0,
        "skippedMissing": 0,
        "skippedUserFiltered": 3,
        "skippedDisabledByPreset": 0,
        "disabled": 0
      },
      "evidenceMetrics": {
        "completeness": 0.16666666666666666,
        "integrity": 1,
        "hashedFiles": 31,
        "totalFiles": 31,
        "screenshotsEnabled": false,
        "tracesEnabled": false
      }
    },
    "result": "FRICTION",
    "attemptsSummary": {
      "executed": 1,
      "successful": 1,
      "failed": 0,
      "skipped": 5,
      "disabled": 0,
      "nearSuccess": 0,
      "nearSuccessDetails": []
    },
    "attestation": {
      "hash": "25b2a8e127209ced3336e34845d18108d932a11ca68796c31dc5fe7b2806378f",
      "policyHash": "964c3931b570d1d147d6f27cb1b75e785aba740e2fb3b01b859d4d809d11527a",
      "snapshotHash": "df9290e41fc53681b1e1a44f2f8e2b1a2038129099ffa9f528e4b9b0340ee832",
      "manifestHash": "84a6c16ce2704297c52c93a1a6cee4a9e01855d41d5f581fa72c1333b35e422f",
      "runId": "2025-12-28_20-04-14_example-com_custom_PENDING"
    }
  },
  "crawl": {
    "discoveredUrls": [
      "https://example.com/"
    ],
    "visitedCount": 1,
    "failedCount": 0,
    "safetyBlockedCount": 0,
    "httpFailures": [],
    "notes": "Discovered 1 URLs, visited 1"
  },
  "attempts": [
    {
      "attemptId": "site_smoke",
      "attemptName": "Site Smoke Navigation",
      "goal": "Probe homepage stability and internal navigation",
      "outcome": "SUCCESS",
      "executed": true,
      "discoverySignals": {},
      "totalDurationMs": 77,
      "stepCount": 1,
      "failedStepIndex": -1,
      "friction": {
        "isFriction": false,
        "signals": [],
        "summary": null,
        "reasons": [],
        "thresholds": {
          "totalDurationMs": 2500,
          "stepDurationMs": 1500,
          "retryCount": 1
        },
        "metrics": {}
      },
      "evidenceSummary": {
        "screenshots": 0,
        "validators": 0,
        "tracesCaptured": 0
      }
    },
    {
      "attemptId": "primary_ctas",
      "attemptName": "Primary CTA Coverage",
      "goal": "Verify primary CTAs navigate correctly",
      "outcome": "NOT_APPLICABLE",
      "executed": false,
      "skipReason": "Feature not present",
      "discoverySignals": {},
      "totalDurationMs": 0,
      "stepCount": 0,
      "failedStepIndex": -1,
      "friction": null
    },
    {
      "attemptId": "contact_discovery_v2",
      "attemptName": "Contact Discovery v2",
      "goal": "Find contact surfaces (mailto or contact route)",
      "outcome": "NOT_APPLICABLE",
      "executed": false,
      "skipReason": "Feature not present",
      "discoverySignals": {},
      "totalDurationMs": 0,
      "stepCount": 0,
      "failedStepIndex": -1,
      "friction": null
    },
    {
      "attemptId": "contact_form",
      "attemptName": "Contact Form Submission",
      "goal": "User submits the contact form successfully",
      "outcome": "SKIPPED",
      "executed": false,
      "skipReason": "No contact form detected",
      "skipReasonCode": "USER_FILTERED",
      "totalDurationMs": 0,
      "stepCount": 0,
      "failedStepIndex": -1,
      "friction": null
    },
    {
      "attemptId": "language_switch",
      "attemptName": "Language Toggle",
      "goal": "User switches language successfully",
      "outcome": "SKIPPED",
      "executed": false,
      "skipReason": "No language switch detected",
      "skipReasonCode": "USER_FILTERED",
      "totalDurationMs": 0,
      "stepCount": 0,
      "failedStepIndex": -1,
      "friction": null
    },
    {
      "attemptId": "newsletter_signup",
      "attemptName": "Newsletter Signup",
      "goal": "User signs up for newsletter",
      "outcome": "SKIPPED",
      "executed": false,
      "skipReason": "No newsletter signup detected",
      "skipReasonCode": "USER_FILTERED",
      "totalDurationMs": 0,
      "stepCount": 0,
      "failedStepIndex": -1,
      "friction": null
    }
  ],
  "flows": [
    {
      "flowId": "signup_flow",
      "flowName": "Intent: Account Signup",
      "outcome": "FAILURE",
      "riskCategory": "LEAD",
      "stepsExecuted": 1,
      "stepsTotal": 6,
      "durationMs": 30257,
      "failedStep": 2,
      "error": "page.click: Timeout 15000ms exceeded.\nCall log:\n\u001b[2m  - waiting for locator('a[data-guardian=\"account-signup-link\"], a:has-text(\"Account Signup\")')\u001b[22m\n",
      "successEval": null
    },
    {
      "flowId": "login_flow",
      "flowName": "Intent: Account Login",
      "outcome": "FAILURE",
      "riskCategory": "TRUST/UX",
      "stepsExecuted": 1,
      "stepsTotal": 6,
      "durationMs": 30224,
      "failedStep": 2,
      "error": "page.click: Timeout 15000ms exceeded.\nCall log:\n\u001b[2m  - waiting for locator('a[data-guardian=\"account-login-link\"], a:has-text(\"Login\"), a[href*=\"login\"]')\u001b[22m\n",
      "successEval": null
    },
    {
      "flowId": "checkout_flow",
      "flowName": "Intent: Checkout",
      "outcome": "FAILURE",
      "riskCategory": "REVENUE",
      "stepsExecuted": 1,
      "stepsTotal": 4,
      "durationMs": 30194,
      "failedStep": 2,
      "error": "page.click: Timeout 15000ms exceeded.\nCall log:\n\u001b[2m  - waiting for locator('a[data-guardian=\"checkout-link\"], a:has-text(\"Checkout\"), a[href*=\"checkout\"]')\u001b[22m\n",
      "successEval": null
    }
  ],
  "signals": [
    {
      "id": "attempt_site_smoke",
      "severity": "medium",
      "type": "friction",
      "description": "Site Smoke Navigation: SUCCESS",
      "affectedAttemptId": "site_smoke"
    },
    {
      "id": "flow_signup_flow_failed",
      "severity": "high",
      "type": "failure",
      "description": "Flow Intent: Account Signup failed",
      "affectedAttemptId": "signup_flow"
    },
    {
      "id": "flow_login_flow_failed",
      "severity": "high",
      "type": "failure",
      "description": "Flow Intent: Account Login failed",
      "affectedAttemptId": "login_flow"
    },
    {
      "id": "flow_checkout_flow_failed",
      "severity": "high",
      "type": "failure",
      "description": "Flow Intent: Checkout failed",
      "affectedAttemptId": "checkout_flow"
    }
  ],
  "verdict": null,
  "riskSummary": {
    "totalSoftFailures": 0,
    "totalFriction": 0,
    "totalFailures": 0,
    "failuresByCategory": {
      "TRUST/UX": {
        "failures": 0,
        "friction": 0,
        "softFailures": 0
      },
      "LEAD": {
        "failures": 0,
        "friction": 0,
        "softFailures": 0
      }
    },
    "softFailuresByAttempt": {},
    "topRisks": []
  },
  "marketImpactSummary": {
    "highestSeverity": "WARNING",
    "totalRiskCount": 3,
    "countsBySeverity": {
      "CRITICAL": 0,
      "WARNING": 3,
      "INFO": 0
    },
    "topRisks": [
      {
        "attemptId": "signup_flow",
        "validatorId": "outcome_signup_flow",
        "validatorType": "outcome",
        "category": "UX",
        "severity": "WARNING",
        "impactScore": 45,
        "humanReadableReason": "signup_flow attempt FAILED - user could not complete goal"
      },
      {
        "attemptId": "login_flow",
        "validatorId": "outcome_login_flow",
        "validatorType": "outcome",
        "category": "UX",
        "severity": "WARNING",
        "impactScore": 45,
        "humanReadableReason": "login_flow attempt FAILED - user could not complete goal"
      },
      {
        "attemptId": "checkout_flow",
        "validatorId": "outcome_checkout_flow",
        "validatorType": "outcome",
        "category": "UX",
        "severity": "WARNING",
        "impactScore": 45,
        "humanReadableReason": "checkout_flow attempt FAILED - user could not complete goal"
      }
    ]
  },
  "discovery": {
    "pagesVisited": [],
    "pagesVisitedCount": 0,
    "interactionsDiscovered": 0,
    "interactionsExecuted": 0,
    "interactionsByType": {
      "NAVIGATE": 0,
      "CLICK": 0,
      "FORM_FILL": 0
    },
    "interactionsByRisk": {
      "safe": 0,
      "risky": 0
    },
    "results": [],
    "summary": ""
  },
  "evidence": {
    "artifactDir": "C:\\Users\\sabou\\odavlguardian\\website\\public\\sample-artifacts-tmp\\2025-12-28_20-04-14_example-com_custom_PENDING",
    "attemptArtifacts": {
      "site_smoke": {
        "reportJson": "site_smoke\\attempt-report.json",
        "reportHtml": "site_smoke\\attempt-report.html",
        "screenshotDir": "site_smoke\\attempt-screenshots",
        "attemptJson": "site_smoke\\attempt-20251228-190415\\attempt.json"
      }
    },
    "flowArtifacts": {
      "signup_flow": {
        "screenshots": [],
        "artifactDir": "flows\\signup_flow"
      },
      "login_flow": {
        "screenshots": [],
        "artifactDir": "flows\\login_flow"
      },
      "checkout_flow": {
        "screenshots": [],
        "artifactDir": "flows\\checkout_flow"
      }
    },
    "marketReportJson": "market-report.json",
    "marketReportHtml": "market-report.html"
  },
  "intelligence": {
    "totalFailures": 8,
    "failures": [
      {
        "id": "primary_ctas",
        "name": "Primary CTA Coverage",
        "outcome": "NOT_APPLICABLE",
        "source": "attempt",
        "breakType": "VALIDATION",
        "domain": "UX",
        "severity": "INFO",
        "primaryHint": "Success validation did not pass",
        "hints": [
          "Success validation did not pass"
        ],
        "whyItMatters": [
          "📊 UX impact: Core interaction is broken. User journey degraded."
        ],
        "topActions": [
          "1. Review frontend code for recent CSS/JS changes",
          "2. Check browser console for JavaScript errors",
          "3. Verify DOM selectors match current HTML structure"
        ]
      },
      {
        "id": "contact_discovery_v2",
        "name": "Contact Discovery v2",
        "outcome": "NOT_APPLICABLE",
        "source": "attempt",
        "breakType": "VALIDATION",
        "domain": "UX",
        "severity": "INFO",
        "primaryHint": "Success validation did not pass",
        "hints": [
          "Success validation did not pass"
        ],
        "whyItMatters": [
          "📊 UX impact: Core interaction is broken. User journey degraded."
        ],
        "topActions": [
          "1. Review frontend code for recent CSS/JS changes",
          "2. Check browser console for JavaScript errors",
          "3. Verify DOM selectors match current HTML structure"
        ]
      },
      {
        "id": "contact_form",
        "name": "Contact Form Submission",
        "outcome": "SKIPPED",
        "source": "attempt",
        "breakType": "VALIDATION",
        "domain": "LEAD",
        "severity": "WARNING",
        "primaryHint": "Success validation did not pass",
        "hints": [
          "Success validation did not pass"
        ],
        "whyItMatters": [
          "📉 Lead gen impact: Signup/contact flow is broken. Cannot capture customer interest.",
          "🟡 WARNING: High priority. Fix before peak traffic to avoid customer impact."
        ],
        "topActions": [
          "1. Review frontend code for recent CSS/JS changes",
          "2. Check browser console for JavaScript errors",
          "3. Verify DOM selectors match current HTML structure"
        ]
      },
      {
        "id": "language_switch",
        "name": "Language Toggle",
        "outcome": "SKIPPED",
        "source": "attempt",
        "breakType": "VALIDATION",
        "domain": "TRUST",
        "severity": "WARNING",
        "primaryHint": "Success validation did not pass",
        "hints": [
          "Success validation did not pass"
        ],
        "whyItMatters": [
          "⚠️  Trust impact: Auth/account flow is broken. Users cannot access their data.",
          "🟡 WARNING: High priority. Fix before peak traffic to avoid customer impact."
        ],
        "topActions": [
          "1. Review frontend code for recent CSS/JS changes",
          "2. Check browser console for JavaScript errors",
          "3. Verify DOM selectors match current HTML structure"
        ]
      },
      {
        "id": "newsletter_signup",
        "name": "Newsletter Signup",
        "outcome": "SKIPPED",
        "source": "attempt",
        "breakType": "VALIDATION",
        "domain": "LEAD",
        "severity": "WARNING",
        "primaryHint": "Success validation did not pass",
        "hints": [
          "Success validation did not pass"
        ],
        "whyItMatters": [
          "📉 Lead gen impact: Signup/contact flow is broken. Cannot capture customer interest.",
          "🟡 WARNING: High priority. Fix before peak traffic to avoid customer impact."
        ],
        "topActions": [
          "1. Review frontend code for recent CSS/JS changes",
          "2. Check browser console for JavaScript errors",
          "3. Verify DOM selectors match current HTML structure"
        ]
      },
      {
        "id": "signup_flow",
        "name": "Intent: Account Signup",
        "outcome": "FAILURE",
        "source": "flow",
        "breakType": "TIMEOUT",
        "domain": "LEAD",
        "severity": "CRITICAL",
        "primaryHint": "Step timed out; slow response or missing element",
        "hints": [
          "Step timed out; slow response or missing element"
        ],
        "whyItMatters": [
          "📉 Lead gen impact: Signup/contact flow is broken. Cannot capture customer interest.",
          "🔴 CRITICAL: Escalate immediately. Page/API down or core feature broken."
        ],
        "topActions": [
          "1. Check server response times and database queries",
          "2. Review recent deployments for performance regressions",
          "3. Check if rate limiting is too strict"
        ]
      },
      {
        "id": "login_flow",
        "name": "Intent: Account Login",
        "outcome": "FAILURE",
        "source": "flow",
        "breakType": "TIMEOUT",
        "domain": "TRUST",
        "severity": "CRITICAL",
        "primaryHint": "Step timed out; slow response or missing element",
        "hints": [
          "Step timed out; slow response or missing element"
        ],
        "whyItMatters": [
          "⚠️  Trust impact: Auth/account flow is broken. Users cannot access their data.",
          "🔴 CRITICAL: Escalate immediately. Page/API down or core feature broken."
        ],
        "topActions": [
          "1. Check server response times and database queries",
          "2. Review recent deployments for performance regressions",
          "3. Check if rate limiting is too strict"
        ]
      },
      {
        "id": "checkout_flow",
        "name": "Intent: Checkout",
        "outcome": "FAILURE",
        "source": "flow",
        "breakType": "TIMEOUT",
        "domain": "REVENUE",
        "severity": "CRITICAL",
        "primaryHint": "Step timed out; slow response or missing element",
        "hints": [
          "Step timed out; slow response or missing element"
        ],
        "whyItMatters": [
          "🚨 Revenue impact: Checkout/payment flow is broken. Customers cannot complete purchases.",
          "🔴 CRITICAL: Escalate immediately. Page/API down or core feature broken."
        ],
        "topActions": [
          "1. Check server response times and database queries",
          "2. Review recent deployments for performance regressions",
          "3. Check if rate limiting is too strict"
        ]
      }
    ],
    "byDomain": {
      "REVENUE": [
        {
          "id": "checkout_flow",
          "name": "Intent: Checkout",
          "outcome": "FAILURE",
          "source": "flow",
          "breakType": "TIMEOUT",
          "domain": "REVENUE",
          "severity": "CRITICAL",
          "primaryHint": "Step timed out; slow response or missing element",
          "hints": [
            "Step timed out; slow response or missing element"
          ],
          "whyItMatters": [
            "🚨 Revenue impact: Checkout/payment flow is broken. Customers cannot complete purchases.",
            "🔴 CRITICAL: Escalate immediately. Page/API down or core feature broken."
          ],
          "topActions": [
            "1. Check server response times and database queries",
            "2. Review recent deployments for performance regressions",
            "3. Check if rate limiting is too strict"
          ]
        }
      ],
      "LEAD": [
        {
          "id": "contact_form",
          "name": "Contact Form Submission",
          "outcome": "SKIPPED",
          "source": "attempt",
          "breakType": "VALIDATION",
          "domain": "LEAD",
          "severity": "WARNING",
          "primaryHint": "Success validation did not pass",
          "hints": [
            "Success validation did not pass"
          ],
          "whyItMatters": [
            "📉 Lead gen impact: Signup/contact flow is broken. Cannot capture customer interest.",
            "🟡 WARNING: High priority. Fix before peak traffic to avoid customer impact."
          ],
          "topActions": [
            "1. Review frontend code for recent CSS/JS changes",
            "2. Check browser console for JavaScript errors",
            "3. Verify DOM selectors match current HTML structure"
          ]
        },
        {
          "id": "newsletter_signup",
          "name": "Newsletter Signup",
          "outcome": "SKIPPED",
          "source": "attempt",
          "breakType": "VALIDATION",
          "domain": "LEAD",
          "severity": "WARNING",
          "primaryHint": "Success validation did not pass",
          "hints": [
            "Success validation did not pass"
          ],
          "whyItMatters": [
            "📉 Lead gen impact: Signup/contact flow is broken. Cannot capture customer interest.",
            "🟡 WARNING: High priority. Fix before peak traffic to avoid customer impact."
          ],
          "topActions": [
            "1. Review frontend code for recent CSS/JS changes",
            "2. Check browser console for JavaScript errors",
            "3. Verify DOM selectors match current HTML structure"
          ]
        },
        {
          "id": "signup_flow",
          "name": "Intent: Account Signup",
          "outcome": "FAILURE",
          "source": "flow",
          "breakType": "TIMEOUT",
          "domain": "LEAD",
          "severity": "CRITICAL",
          "primaryHint": "Step timed out; slow response or missing element",
          "hints": [
            "Step timed out; slow response or missing element"
          ],
          "whyItMatters": [
            "📉 Lead gen impact: Signup/contact flow is broken. Cannot capture customer interest.",
            "🔴 CRITICAL: Escalate immediately. Page/API down or core feature broken."
          ],
          "topActions": [
            "1. Check server response times and database queries",
            "2. Review recent deployments for performance regressions",
            "3. Check if rate limiting is too strict"
          ]
        }
      ],
      "TRUST": [
        {
          "id": "language_switch",
          "name": "Language Toggle",
          "outcome": "SKIPPED",
          "source": "attempt",
          "breakType": "VALIDATION",
          "domain": "TRUST",
          "severity": "WARNING",
          "primaryHint": "Success validation did not pass",
          "hints": [
            "Success validation did not pass"
          ],
          "whyItMatters": [
            "⚠️  Trust impact: Auth/account flow is broken. Users cannot access their data.",
            "🟡 WARNING: High priority. Fix before peak traffic to avoid customer impact."
          ],
          "topActions": [
            "1. Review frontend code for recent CSS/JS changes",
            "2. Check browser console for JavaScript errors",
            "3. Verify DOM selectors match current HTML structure"
          ]
        },
        {
          "id": "login_flow",
          "name": "Intent: Account Login",
          "outcome": "FAILURE",
          "source": "flow",
          "breakType": "TIMEOUT",
          "domain": "TRUST",
          "severity": "CRITICAL",
          "primaryHint": "Step timed out; slow response or missing element",
          "hints": [
            "Step timed out; slow response or missing element"
          ],
          "whyItMatters": [
            "⚠️  Trust impact: Auth/account flow is broken. Users cannot access their data.",
            "🔴 CRITICAL: Escalate immediately. Page/API down or core feature broken."
          ],
          "topActions": [
            "1. Check server response times and database queries",
            "2. Review recent deployments for performance regressions",
            "3. Check if rate limiting is too strict"
          ]
        }
      ],
      "UX": [
        {
          "id": "primary_ctas",
          "name": "Primary CTA Coverage",
          "outcome": "NOT_APPLICABLE",
          "source": "attempt",
          "breakType": "VALIDATION",
          "domain": "UX",
          "severity": "INFO",
          "primaryHint": "Success validation did not pass",
          "hints": [
            "Success validation did not pass"
          ],
          "whyItMatters": [
            "📊 UX impact: Core interaction is broken. User journey degraded."
          ],
          "topActions": [
            "1. Review frontend code for recent CSS/JS changes",
            "2. Check browser console for JavaScript errors",
            "3. Verify DOM selectors match current HTML structure"
          ]
        },
        {
          "id": "contact_discovery_v2",
          "name": "Contact Discovery v2",
          "outcome": "NOT_APPLICABLE",
          "source": "attempt",
          "breakType": "VALIDATION",
          "domain": "UX",
          "severity": "INFO",
          "primaryHint": "Success validation did not pass",
          "hints": [
            "Success validation did not pass"
          ],
          "whyItMatters": [
            "📊 UX impact: Core interaction is broken. User journey degraded."
          ],
          "topActions": [
            "1. Review frontend code for recent CSS/JS changes",
            "2. Check browser console for JavaScript errors",
            "3. Verify DOM selectors match current HTML structure"
          ]
        }
      ]
    },
    "bySeverity": {
      "CRITICAL": [
        {
          "id": "signup_flow",
          "name": "Intent: Account Signup",
          "outcome": "FAILURE",
          "source": "flow",
          "breakType": "TIMEOUT",
          "domain": "LEAD",
          "severity": "CRITICAL",
          "primaryHint": "Step timed out; slow response or missing element",
          "hints": [
            "Step timed out; slow response or missing element"
          ],
          "whyItMatters": [
            "📉 Lead gen impact: Signup/contact flow is broken. Cannot capture customer interest.",
            "🔴 CRITICAL: Escalate immediately. Page/API down or core feature broken."
          ],
          "topActions": [
            "1. Check server response times and database queries",
            "2. Review recent deployments for performance regressions",
            "3. Check if rate limiting is too strict"
          ]
        },
        {
          "id": "login_flow",
          "name": "Intent: Account Login",
          "outcome": "FAILURE",
          "source": "flow",
          "breakType": "TIMEOUT",
          "domain": "TRUST",
          "severity": "CRITICAL",
          "primaryHint": "Step timed out; slow response or missing element",
          "hints": [
            "Step timed out; slow response or missing element"
          ],
          "whyItMatters": [
            "⚠️  Trust impact: Auth/account flow is broken. Users cannot access their data.",
            "🔴 CRITICAL: Escalate immediately. Page/API down or core feature broken."
          ],
          "topActions": [
            "1. Check server response times and database queries",
            "2. Review recent deployments for performance regressions",
            "3. Check if rate limiting is too strict"
          ]
        },
        {
          "id": "checkout_flow",
          "name": "Intent: Checkout",
          "outcome": "FAILURE",
          "source": "flow",
          "breakType": "TIMEOUT",
          "domain": "REVENUE",
          "severity": "CRITICAL",
          "primaryHint": "Step timed out; slow response or missing element",
          "hints": [
            "Step timed out; slow response or missing element"
          ],
          "whyItMatters": [
            "🚨 Revenue impact: Checkout/payment flow is broken. Customers cannot complete purchases.",
            "🔴 CRITICAL: Escalate immediately. Page/API down or core feature broken."
          ],
          "topActions": [
            "1. Check server response times and database queries",
            "2. Review recent deployments for performance regressions",
            "3. Check if rate limiting is too strict"
          ]
        }
      ],
      "WARNING": [
        {
          "id": "contact_form",
          "name": "Contact Form Submission",
          "outcome": "SKIPPED",
          "source": "attempt",
          "breakType": "VALIDATION",
          "domain": "LEAD",
          "severity": "WARNING",
          "primaryHint": "Success validation did not pass",
          "hints": [
            "Success validation did not pass"
          ],
          "whyItMatters": [
            "📉 Lead gen impact: Signup/contact flow is broken. Cannot capture customer interest.",
            "🟡 WARNING: High priority. Fix before peak traffic to avoid customer impact."
          ],
          "topActions": [
            "1. Review frontend code for recent CSS/JS changes",
            "2. Check browser console for JavaScript errors",
            "3. Verify DOM selectors match current HTML structure"
          ]
        },
        {
          "id": "language_switch",
          "name": "Language Toggle",
          "outcome": "SKIPPED",
          "source": "attempt",
          "breakType": "VALIDATION",
          "domain": "TRUST",
          "severity": "WARNING",
          "primaryHint": "Success validation did not pass",
          "hints": [
            "Success validation did not pass"
          ],
          "whyItMatters": [
            "⚠️  Trust impact: Auth/account flow is broken. Users cannot access their data.",
            "🟡 WARNING: High priority. Fix before peak traffic to avoid customer impact."
          ],
          "topActions": [
            "1. Review frontend code for recent CSS/JS changes",
            "2. Check browser console for JavaScript errors",
            "3. Verify DOM selectors match current HTML structure"
          ]
        },
        {
          "id": "newsletter_signup",
          "name": "Newsletter Signup",
          "outcome": "SKIPPED",
          "source": "attempt",
          "breakType": "VALIDATION",
          "domain": "LEAD",
          "severity": "WARNING",
          "primaryHint": "Success validation did not pass",
          "hints": [
            "Success validation did not pass"
          ],
          "whyItMatters": [
            "📉 Lead gen impact: Signup/contact flow is broken. Cannot capture customer interest.",
            "🟡 WARNING: High priority. Fix before peak traffic to avoid customer impact."
          ],
          "topActions": [
            "1. Review frontend code for recent CSS/JS changes",
            "2. Check browser console for JavaScript errors",
            "3. Verify DOM selectors match current HTML structure"
          ]
        }
      ],
      "INFO": [
        {
          "id": "primary_ctas",
          "name": "Primary CTA Coverage",
          "outcome": "NOT_APPLICABLE",
          "source": "attempt",
          "breakType": "VALIDATION",
          "domain": "UX",
          "severity": "INFO",
          "primaryHint": "Success validation did not pass",
          "hints": [
            "Success validation did not pass"
          ],
          "whyItMatters": [
            "📊 UX impact: Core interaction is broken. User journey degraded."
          ],
          "topActions": [
            "1. Review frontend code for recent CSS/JS changes",
            "2. Check browser console for JavaScript errors",
            "3. Verify DOM selectors match current HTML structure"
          ]
        },
        {
          "id": "contact_discovery_v2",
          "name": "Contact Discovery v2",
          "outcome": "NOT_APPLICABLE",
          "source": "attempt",
          "breakType": "VALIDATION",
          "domain": "UX",
          "severity": "INFO",
          "primaryHint": "Success validation did not pass",
          "hints": [
            "Success validation did not pass"
          ],
          "whyItMatters": [
            "📊 UX impact: Core interaction is broken. User journey degraded."
          ],
          "topActions": [
            "1. Review frontend code for recent CSS/JS changes",
            "2. Check browser console for JavaScript errors",
            "3. Verify DOM selectors match current HTML structure"
          ]
        }
      ]
    },
    "escalationSignals": [
      "CRITICAL failures detected - immediate action required",
      "REVENUE domain affected - financial impact likely",
      "Infrastructure/availability issue indicated"
    ],
    "summary": ""
  },
  "baseline": {
    "baselineFound": true,
    "baselineCreatedThisRun": false,
    "baselineCreatedAt": null,
    "baselinePath": ".odavl-guardian\\baselines\\example.com-100680ad\\baseline.json",
    "diff": {
      "regressions": {},
      "improvements": {},
      "attemptsDriftCount": 0
    }
  },
  "policyEvaluation": {
    "passed": false,
    "exitCode": 2,
    "reasons": [
      "Coverage gaps detected: 5 of 6 attempts not executed"
    ],
    "summary": "⚠️  Policy evaluation WARNING (exit code 2)",
    "counts": {
      "critical": 0,
      "warning": 3,
      "info": 0,
      "softFailures": 0,
      "totalRisk": 3
    }
  },
  "policyName": "custom",
  "resolved": {
    "presetId": "landing",
    "policySource": "preset:landing",
    "policyId": "custom",
    "policyHash": "964c3931b570d1d147d6f27cb1b75e785aba740e2fb3b01b859d4d809d11527a",
    "mediaRequirements": {
      "requireScreenshots": true,
      "requireTraces": false,
      "minCompleteness": 0.6,
      "minIntegrity": 0.7
    },
    "attemptPlan": {
      "enabled": [
        "site_smoke",
        "primary_ctas",
        "contact_discovery_v2",
        "contact_form",
        "language_switch",
        "newsletter_signup"
      ],
      "disabled": [
        "signup",
        "login",
        "checkout"
      ],
      "userFiltered": [],
      "missing": []
    },
    "coverage": {
      "total": 6,
      "executed": 1,
      "executedCount": 1,
      "enabledPlannedCount": 6,
      "disabledPlannedCount": 0,
      "skippedNotApplicable": 0,
      "skippedMissing": 0,
      "skippedUserFiltered": 3,
      "skippedDisabledByPreset": 0,
      "disabled": 0
    },
    "evidenceMetrics": {
      "completeness": 0.16666666666666666,
      "integrity": 1,
      "hashedFiles": 31,
      "totalFiles": 31,
      "screenshotsEnabled": false,
      "tracesEnabled": false
    }
  },
  "evidenceMetrics": {
    "completeness": 0.16666666666666666,
    "integrity": 1,
    "hashedFiles": 31,
    "totalFiles": 31,
    "screenshotsEnabled": false,
    "tracesEnabled": false,
    "coverage": {
      "gaps": 5,
      "executed": 1,
      "total": 6,
      "details": [
        {
          "attempt": "primary_ctas",
          "reason": "Not executed"
        },
        {
          "attempt": "contact_discovery_v2",
          "reason": "Not executed"
        },
        {
          "attempt": "contact_form",
          "reason": "No contact form detected",
          "code": "USER_FILTERED"
        },
        {
          "attempt": "language_switch",
          "reason": "No language switch detected",
          "code": "USER_FILTERED"
        },
        {
          "attempt": "newsletter_signup",
          "reason": "No newsletter signup detected",
          "code": "USER_FILTERED"
        }
      ],
      "disabled": [],
      "skippedDisabledByPreset": [],
      "skippedNotApplicable": [],
      "skippedMissing": [],
      "skippedUserFiltered": [
        {
          "attempt": "contact_form",
          "reason": "No contact form detected"
        },
        {
          "attempt": "language_switch",
          "reason": "No language switch detected"
        },
        {
          "attempt": "newsletter_signup",
          "reason": "No newsletter signup detected"
        }
      ],
      "counts": {
        "executedCount": 1,
        "enabledPlannedCount": 6,
        "disabledPlannedCount": 0,
        "skippedDisabledByPreset": 0,
        "skippedUserFiltered": 3,
        "skippedNotApplicable": 0,
        "skippedMissing": 0
      }
    }
  },
  "coverage": {
    "gaps": 5,
    "executed": 1,
    "total": 6,
    "details": [
      {
        "attempt": "primary_ctas",
        "reason": "Not executed"
      },
      {
        "attempt": "contact_discovery_v2",
        "reason": "Not executed"
      },
      {
        "attempt": "contact_form",
        "reason": "No contact form detected",
        "code": "USER_FILTERED"
      },
      {
        "attempt": "language_switch",
        "reason": "No language switch detected",
        "code": "USER_FILTERED"
      },
      {
        "attempt": "newsletter_signup",
        "reason": "No newsletter signup detected",
        "code": "USER_FILTERED"
      }
    ],
    "disabled": [],
    "skippedDisabledByPreset": [],
    "skippedNotApplicable": [],
    "skippedMissing": [],
    "skippedUserFiltered": [
      {
        "attempt": "contact_form",
        "reason": "No contact form detected"
      },
      {
        "attempt": "language_switch",
        "reason": "No language switch detected"
      },
      {
        "attempt": "newsletter_signup",
        "reason": "No newsletter signup detected"
      }
    ],
    "counts": {
      "executedCount": 1,
      "enabledPlannedCount": 6,
      "disabledPlannedCount": 0,
      "skippedDisabledByPreset": 0,
      "skippedUserFiltered": 3,
      "skippedNotApplicable": 0,
      "skippedMissing": 0
    }
  }
}