{
  "attemptId": "contact_discovery_v2",
  "baseUrl": "https://example.com",
  "outcome": "NOT_APPLICABLE",
  "startedAt": "2025-12-28T19:04:16.417Z",
  "endedAt": "2025-12-28T19:04:16.463Z",
  "totalDurationMs": 46,
  "friction": {
    "isFriction": false,
    "signals": [],
    "summary": null,
    "reasons": [],
    "thresholds": {
      "totalDurationMs": 2500,
      "stepDurationMs": 1500,
      "retryCount": 1
    },
    "metrics": {}
  },
  "validators": [],
  "softFailures": {
    "hasSoftFailure": false,
    "failureCount": 0,
    "warnCount": 0
  },
  "successReason": null,
  "error": null,
  "steps": [
    {
      "id": "navigate_home",
      "type": "navigate",
      "target": "https://example.com",
      "status": "success",
      "startedAt": "2025-12-28T19:04:16.417Z",
      "endedAt": "2025-12-28T19:04:16.451Z",
      "retries": 0,
      "screenshots": []
    }
  ]
}