{
  "attemptId": "site_smoke",
  "baseUrl": "https://example.com",
  "outcome": "SUCCESS",
  "startedAt": "2025-12-28T19:04:15.779Z",
  "endedAt": "2025-12-28T19:04:15.856Z",
  "totalDurationMs": 77,
  "friction": {
    "isFriction": false,
    "signals": [],
    "summary": null,
    "reasons": [],
    "thresholds": {
      "totalDurationMs": 2500,
      "stepDurationMs": 1500,
      "retryCount": 1
    },
    "metrics": {}
  },
  "validators": [],
  "softFailures": {
    "hasSoftFailure": false,
    "failureCount": 0,
    "warnCount": 0
  },
  "successReason": "At least one navigation completed",
  "error": null,
  "steps": [
    {
      "id": "navigate_home",
      "type": "navigate",
      "target": "https://example.com",
      "status": "success",
      "startedAt": "2025-12-28T19:04:15.779Z",
      "endedAt": "2025-12-28T19:04:15.792Z",
      "durationMs": null,
      "retries": 0,
      "screenshots": []
    }
  ]
}